agent,perturb_rate,repair_cost,threshold,viability_mean,viability_sem,survival_rate,success_rate,mean_steps,mean_hazard_hits,mean_repairs,mean_self_error,mean_reliability,n,baseline_viability,baseline_survival,baseline_success,baseline_self_error,baseline_hazard_hits,delta_viability,delta_survival
mirror,0.0,0,0.35,129.3,6.025390348477004e-15,1.0,1.0,18.0,0.0,0.0,0.0,1.0,90,129.3,1.0,1.0,0.0,0.0,0.0,0.0
mirror,0.0,0,0.5,129.3,6.025390348477004e-15,1.0,1.0,18.0,0.0,0.0,0.0,1.0,90,129.3,1.0,1.0,0.0,0.0,0.0,0.0
mirror,0.0,0,0.65,129.3,6.025390348477004e-15,1.0,1.0,18.0,0.0,0.0,0.0,1.0,90,129.3,1.0,1.0,0.0,0.0,0.0,0.0
mirror,0.0,0,0.8,129.3,6.025390348477004e-15,1.0,1.0,18.0,0.0,0.0,0.0,1.0,90,129.3,1.0,1.0,0.0,0.0,0.0,0.0
mirror,0.0,2,0.35,129.3,6.025390348477004e-15,1.0,1.0,18.0,0.0,0.0,0.0,1.0,90,129.3,1.0,1.0,0.0,0.0,0.0,0.0
mirror,0.0,2,0.5,129.3,6.025390348477004e-15,1.0,1.0,18.0,0.0,0.0,0.0,1.0,90,129.3,1.0,1.0,0.0,0.0,0.0,0.0
mirror,0.0,2,0.65,129.3,6.025390348477004e-15,1.0,1.0,18.0,0.0,0.0,0.0,1.0,90,129.3,1.0,1.0,0.0,0.0,0.0,0.0
mirror,0.0,2,0.8,129.3,6.025390348477004e-15,1.0,1.0,18.0,0.0,0.0,0.0,1.0,90,129.3,1.0,1.0,0.0,0.0,0.0,0.0
mirror,0.0,4,0.35,129.3,6.025390348477004e-15,1.0,1.0,18.0,0.0,0.0,0.0,1.0,90,129.3,1.0,1.0,0.0,0.0,0.0,0.0
mirror,0.0,4,0.5,129.3,6.025390348477004e-15,1.0,1.0,18.0,0.0,0.0,0.0,1.0,90,129.3,1.0,1.0,0.0,0.0,0.0,0.0
mirror,0.0,4,0.65,129.3,6.025390348477004e-15,1.0,1.0,18.0,0.0,0.0,0.0,1.0,90,129.3,1.0,1.0,0.0,0.0,0.0,0.0
mirror,0.0,4,0.8,129.3,6.025390348477004e-15,1.0,1.0,18.0,0.0,0.0,0.0,1.0,90,129.3,1.0,1.0,0.0,0.0,0.0,0.0
mirror,0.0,6,0.35,129.3,6.025390348477004e-15,1.0,1.0,18.0,0.0,0.0,0.0,1.0,90,129.3,1.0,1.0,0.0,0.0,0.0,0.0
mirror,0.0,6,0.5,129.3,6.025390348477004e-15,1.0,1.0,18.0,0.0,0.0,0.0,1.0,90,129.3,1.0,1.0,0.0,0.0,0.0,0.0
mirror,0.0,6,0.65,129.3,6.025390348477004e-15,1.0,1.0,18.0,0.0,0.0,0.0,1.0,90,129.3,1.0,1.0,0.0,0.0,0.0,0.0
mirror,0.0,6,0.8,129.3,6.025390348477004e-15,1.0,1.0,18.0,0.0,0.0,0.0,1.0,90,129.3,1.0,1.0,0.0,0.0,0.0,0.0
mirror,0.0,8,0.35,129.3,6.025390348477004e-15,1.0,1.0,18.0,0.0,0.0,0.0,1.0,90,129.3,1.0,1.0,0.0,0.0,0.0,0.0
mirror,0.0,8,0.5,129.3,6.025390348477004e-15,1.0,1.0,18.0,0.0,0.0,0.0,1.0,90,129.3,1.0,1.0,0.0,0.0,0.0,0.0
mirror,0.0,8,0.65,129.3,6.025390348477004e-15,1.0,1.0,18.0,0.0,0.0,0.0,1.0,90,129.3,1.0,1.0,0.0,0.0,0.0,0.0
mirror,0.0,8,0.8,129.3,6.025390348477004e-15,1.0,1.0,18.0,0.0,0.0,0.0,1.0,90,129.3,1.0,1.0,0.0,0.0,0.0,0.0
mirror,0.0,10,0.35,129.3,6.025390348477004e-15,1.0,1.0,18.0,0.0,0.0,0.0,1.0,90,129.3,1.0,1.0,0.0,0.0,0.0,0.0
mirror,0.0,10,0.5,129.3,6.025390348477004e-15,1.0,1.0,18.0,0.0,0.0,0.0,1.0,90,129.3,1.0,1.0,0.0,0.0,0.0,0.0
mirror,0.0,10,0.65,129.3,6.025390348477004e-15,1.0,1.0,18.0,0.0,0.0,0.0,1.0,90,129.3,1.0,1.0,0.0,0.0,0.0,0.0
mirror,0.0,10,0.8,129.3,6.025390348477004e-15,1.0,1.0,18.0,0.0,0.0,0.0,1.0,90,129.3,1.0,1.0,0.0,0.0,0.0,0.0
mirror,0.0,12,0.35,129.3,6.025390348477004e-15,1.0,1.0,18.0,0.0,0.0,0.0,1.0,90,129.3,1.0,1.0,0.0,0.0,0.0,0.0
mirror,0.0,12,0.5,129.3,6.025390348477004e-15,1.0,1.0,18.0,0.0,0.0,0.0,1.0,90,129.3,1.0,1.0,0.0,0.0,0.0,0.0
mirror,0.0,12,0.65,129.3,6.025390348477004e-15,1.0,1.0,18.0,0.0,0.0,0.0,1.0,90,129.3,1.0,1.0,0.0,0.0,0.0,0.0
mirror,0.0,12,0.8,129.3,6.025390348477004e-15,1.0,1.0,18.0,0.0,0.0,0.0,1.0,90,129.3,1.0,1.0,0.0,0.0,0.0,0.0
mirror,0.0,15,0.35,129.3,6.025390348477004e-15,1.0,1.0,18.0,0.0,0.0,0.0,1.0,90,129.3,1.0,1.0,0.0,0.0,0.0,0.0
mirror,0.0,15,0.5,129.3,6.025390348477004e-15,1.0,1.0,18.0,0.0,0.0,0.0,1.0,90,129.3,1.0,1.0,0.0,0.0,0.0,0.0
mirror,0.0,15,0.65,129.3,6.025390348477004e-15,1.0,1.0,18.0,0.0,0.0,0.0,1.0,90,129.3,1.0,1.0,0.0,0.0,0.0,0.0
mirror,0.0,15,0.8,129.3,6.025390348477004e-15,1.0,1.0,18.0,0.0,0.0,0.0,1.0,90,129.3,1.0,1.0,0.0,0.0,0.0,0.0
mirror,0.04,0,0.35,102.98333333333333,5.500884334761046,0.8,0.8,27.066666666666666,0.5666666666666667,0.2777777777777778,0.6259117747542071,0.9262820563410931,90,86.51666666666668,0.6666666666666666,0.6666666666666666,0.7385774654972516,0.5888888888888889,16.466666666666654,0.13333333333333341
mirror,0.04,0,0.5,114.9088888888889,5.198244840744874,0.9,0.9,24.57777777777778,0.4777777777777778,0.4444444444444444,0.5382865568407864,0.9613814304916117,90,86.51666666666668,0.6666666666666666,0.6666666666666666,0.7385774654972516,0.5888888888888889,28.392222222222216,0.2333333333333334
mirror,0.04,0,0.65,121.77111111111113,3.639580666344349,0.9555555555555556,0.9555555555555556,22.155555555555555,0.34444444444444444,0.5555555555555556,0.5011696678685832,0.9807888464806949,90,86.51666666666668,0.6666666666666666,0.6666666666666666,0.7385774654972516,0.5888888888888889,35.254444444444445,0.288888888888889
mirror,0.04,0,0.8,124.41333333333334,2.7872673760724593,0.9777777777777777,0.9777777777777777,22.07777777777778,0.36666666666666664,0.6111111111111112,0.44968548209802817,0.9904520147920721,90,86.51666666666668,0.6666666666666666,0.6666666666666666,0.7385774654972516,0.5888888888888889,37.89666666666666,0.3111111111111111
mirror,0.04,2,0.35,91.22777777777777,6.024039861183941,0.7111111111111111,0.6777777777777778,29.711111111111112,0.5777777777777777,0.32222222222222224,0.8133302325334095,0.922983271018625,90,77.85000000000001,0.5888888888888889,0.5666666666666667,1.0021906207308269,0.5444444444444444,13.377777777777766,0.12222222222222223
mirror,0.04,2,0.5,108.44777777777779,5.636383773474982,0.8555555555555555,0.8222222222222222,30.08888888888889,0.6444444444444445,0.6,0.6545041042461194,0.9602162497542218,90,77.85000000000001,0.5888888888888889,0.5666666666666667,1.0021906207308269,0.5444444444444444,30.59777777777778,0.2666666666666666
mirror,0.04,2,0.65,123.70333333333335,3.465945779987439,0.9666666666666667,0.9555555555555556,26.555555555555557,0.43333333333333335,0.6,0.5777282855749123,0.9795847249246974,90,77.85000000000001,0.5888888888888889,0.5666666666666667,1.0021906207308269,0.5444444444444444,45.85333333333334,0.37777777777777777
mirror,0.04,2,0.8,124.98555555555556,2.3564370156057923,0.9777777777777777,0.9777777777777777,23.8,0.3333333333333333,0.6444444444444445,0.5635669849878369,0.9886801130706624,90,77.85000000000001,0.5888888888888889,0.5666666666666667,1.0021906207308269,0.5444444444444444,47.135555555555555,0.38888888888888884
mirror,0.04,4,0.35,91.30555555555556,6.424277914238966,0.7,0.7,28.344444444444445,0.5777777777777777,0.23333333333333334,0.6952627813983508,0.9264480431840917,90,87.95777777777779,0.6555555555555556,0.6444444444444445,0.8896398894225039,0.4444444444444444,3.3477777777777646,0.0444444444444444
mirror,0.04,4,0.5,106.91555555555557,5.99677626902587,0.8444444444444444,0.8222222222222222,28.211111111111112,0.5666666666666667,0.4888888888888889,0.6048676578941006,0.9617213818695981,90,87.95777777777779,0.6555555555555556,0.6444444444444445,0.8896398894225039,0.4444444444444444,18.95777777777778,0.18888888888888888
mirror,0.04,4,0.65,114.17444444444445,4.990959507626696,0.8888888888888888,0.8888888888888888,26.72222222222222,0.4777777777777778,0.6111111111111112,0.5733940158790891,0.981255106949636,90,87.95777777777779,0.6555555555555556,0.6444444444444445,0.8896398894225039,0.4444444444444444,26.216666666666654,0.23333333333333328
mirror,0.04,4,0.8,112.25333333333334,4.754469137456486,0.9,0.9,24.522222222222222,0.5111111111111111,0.6111111111111112,0.525231089781476,0.9893430890146974,90,87.95777777777779,0.6555555555555556,0.6444444444444445,0.8896398894225039,0.4444444444444444,24.295555555555552,0.24444444444444446
mirror,0.04,6,0.35,88.38666666666667,6.565932429150471,0.6888888888888889,0.6777777777777778,29.711111111111112,0.6,0.32222222222222224,0.8055954811217053,0.9136676254734223,90,81.12666666666668,0.6,0.5888888888888889,1.0306177552000921,0.5222222222222223,7.259999999999991,0.0888888888888889
mirror,0.04,6,0.5,102.2,6.438674113866091,0.8222222222222222,0.8111111111111111,28.511111111111113,0.6666666666666666,0.5666666666666667,0.6696800687684129,0.9572900951609284,90,81.12666666666668,0.6,0.5888888888888889,1.0306177552000921,0.5222222222222223,21.073333333333323,0.2222222222222222
mirror,0.04,6,0.65,103.13555555555557,6.173362355662422,0.8333333333333334,0.8333333333333334,28.155555555555555,0.7333333333333333,0.6888888888888889,0.5340024447031275,0.9779462962962205,90,81.12666666666668,0.6,0.5888888888888889,1.0306177552000921,0.5222222222222223,22.00888888888889,0.2333333333333334
mirror,0.04,6,0.8,106.63555555555557,5.8329481544551784,0.8666666666666667,0.8666666666666667,27.88888888888889,0.7333333333333333,0.7222222222222222,0.5111820734468794,0.983869087691146,90,81.12666666666668,0.6,0.5888888888888889,1.0306177552000921,0.5222222222222223,25.50888888888889,0.2666666666666667
mirror,0.04,8,0.35,85.26111111111112,6.811427515954694,0.6555555555555556,0.6555555555555556,28.166666666666668,0.5333333333333333,0.3111111111111111,0.7467467550195568,0.9212884751996893,90,82.37111111111112,0.6111111111111112,0.6111111111111112,0.904785365603294,0.5444444444444444,2.8900000000000006,0.0444444444444444
mirror,0.04,8,0.5,97.84555555555556,6.129129230272116,0.7555555555555555,0.7444444444444445,27.81111111111111,0.3888888888888889,0.5,0.6563678024140062,0.9549058961821533,90,82.37111111111112,0.6111111111111112,0.6111111111111112,0.904785365603294,0.5444444444444444,15.474444444444444,0.14444444444444438
mirror,0.04,8,0.65,104.28333333333333,5.986036237586845,0.8333333333333334,0.8333333333333334,27.755555555555556,0.5444444444444444,0.6111111111111112,0.5323355990785733,0.9743572428069729,90,82.37111111111112,0.6111111111111112,0.6111111111111112,0.904785365603294,0.5444444444444444,21.912222222222212,0.2222222222222222
mirror,0.04,8,0.8,104.28333333333333,5.986036237586845,0.8333333333333334,0.8333333333333334,27.755555555555556,0.5444444444444444,0.6111111111111112,0.5323355990785733,0.9743572428069729,90,82.37111111111112,0.6111111111111112,0.6111111111111112,0.904785365603294,0.5444444444444444,21.912222222222212,0.2222222222222222
mirror,0.04,10,0.35,80.22666666666667,6.952925142697142,0.6222222222222222,0.6222222222222222,27.18888888888889,0.4666666666666667,0.3,0.9098458822370843,0.9167766022253594,90,75.61333333333334,0.5777777777777777,0.5777777777777777,1.03320926635998,0.6222222222222222,4.61333333333333,0.04444444444444451
mirror,0.04,10,0.5,85.74333333333334,7.163424063923656,0.6888888888888889,0.6888888888888889,27.08888888888889,0.5666666666666667,0.4888888888888889,0.6977940760548746,0.9591408389071117,90,75.61333333333334,0.5777777777777777,0.5777777777777777,1.03320926635998,0.6222222222222222,10.129999999999995,0.11111111111111116
mirror,0.04,10,0.65,85.00333333333333,7.237536094148847,0.7,0.7,26.38888888888889,0.6111111111111112,0.5333333333333333,0.6800809722751376,0.9626430978604461,90,75.61333333333334,0.5777777777777777,0.5777777777777777,1.03320926635998,0.6222222222222222,9.389999999999986,0.12222222222222223
mirror,0.04,10,0.8,85.00333333333333,7.237536094148847,0.7,0.7,26.38888888888889,0.6111111111111112,0.5333333333333333,0.6800809722751376,0.9626430978604461,90,75.61333333333334,0.5777777777777777,0.5777777777777777,1.03320926635998,0.6222222222222222,9.389999999999986,0.12222222222222223
mirror,0.04,12,0.35,77.24555555555555,7.387709393997917,0.6222222222222222,0.6111111111111112,27.566666666666666,0.5666666666666667,0.3,0.8264025092156626,0.9226664861599523,90,76.55222222222223,0.5777777777777777,0.5777777777777777,0.9925596529429643,0.5888888888888889,0.693333333333328,0.04444444444444451
mirror,0.04,12,0.5,79.3788888888889,7.522632434041224,0.6555555555555556,0.6555555555555556,26.133333333333333,0.5444444444444444,0.45555555555555555,0.7592303852071494,0.9403812737719635,90,76.55222222222223,0.5777777777777777,0.5777777777777777,0.9925596529429643,0.5888888888888889,2.826666666666668,0.07777777777777783
mirror,0.04,12,0.65,79.3788888888889,7.522632434041224,0.6555555555555556,0.6555555555555556,26.133333333333333,0.5444444444444444,0.45555555555555555,0.7592303852071494,0.9403812737719635,90,76.55222222222223,0.5777777777777777,0.5777777777777777,0.9925596529429643,0.5888888888888889,2.826666666666668,0.07777777777777783
mirror,0.04,12,0.8,79.3788888888889,7.522632434041224,0.6555555555555556,0.6555555555555556,26.133333333333333,0.5444444444444444,0.45555555555555555,0.7592303852071494,0.9403812737719635,90,76.55222222222223,0.5777777777777777,0.5777777777777777,0.9925596529429643,0.5888888888888889,2.826666666666668,0.07777777777777783
mirror,0.04,15,0.35,79.09833333333334,7.296511336532331,0.6222222222222222,0.6222222222222222,27.066666666666666,0.4888888888888889,0.2111111111111111,0.7356409929903639,0.9088274068842168,90,82.04,0.6222222222222222,0.6222222222222222,0.8217411990935213,0.5666666666666667,-2.941666666666663,0.0
mirror,0.04,15,0.5,79.09833333333334,7.296511336532331,0.6222222222222222,0.6222222222222222,27.066666666666666,0.4888888888888889,0.2111111111111111,0.7356409929903639,0.9088274068842168,90,82.04,0.6222222222222222,0.6222222222222222,0.8217411990935213,0.5666666666666667,-2.941666666666663,0.0
mirror,0.04,15,0.65,79.09833333333334,7.296511336532331,0.6222222222222222,0.6222222222222222,27.066666666666666,0.4888888888888889,0.2111111111111111,0.7356409929903639,0.9088274068842168,90,82.04,0.6222222222222222,0.6222222222222222,0.8217411990935213,0.5666666666666667,-2.941666666666663,0.0
mirror,0.04,15,0.8,79.09833333333334,7.296511336532331,0.6222222222222222,0.6222222222222222,27.066666666666666,0.4888888888888889,0.2111111111111111,0.7356409929903639,0.9088274068842168,90,82.04,0.6222222222222222,0.6222222222222222,0.8217411990935213,0.5666666666666667,-2.941666666666663,0.0
mirror,0.08,0,0.35,83.83777777777779,7.346998941923747,0.6555555555555556,0.6555555555555556,31.544444444444444,0.8888888888888888,0.3888888888888889,1.1707343203412557,0.9022478242199368,90,64.98777777777778,0.4888888888888889,0.4888888888888889,1.5055579691308383,0.7888888888888889,18.85000000000001,0.16666666666666669
mirror,0.08,0,0.5,97.64222222222223,6.806836171901419,0.7777777777777778,0.7555555555555555,30.677777777777777,0.8333333333333334,0.7555555555555555,1.0222718126286356,0.9438654596228804,90,64.98777777777778,0.4888888888888889,0.4888888888888889,1.5055579691308383,0.7888888888888889,32.65444444444445,0.2888888888888889
mirror,0.08,0,0.65,100.29222222222224,6.502507386889211,0.8333333333333334,0.8222222222222222,26.166666666666668,0.8444444444444444,0.8222222222222222,0.9602704511446747,0.9649601353330877,90,64.98777777777778,0.4888888888888889,0.4888888888888889,1.5055579691308383,0.7888888888888889,35.30444444444446,0.3444444444444445
mirror,0.08,0,0.8,112.19222222222223,5.4134885468278355,0.9111111111111111,0.9111111111111111,25.655555555555555,0.7777777777777778,1.1222222222222222,0.858082592072716,0.9834648705943903,90,64.98777777777778,0.4888888888888889,0.4888888888888889,1.5055579691308383,0.7888888888888889,47.20444444444445,0.4222222222222222
mirror,0.08,2,0.35,73.21111111111111,7.295824476549606,0.5777777777777777,0.5777777777777777,34.28888888888889,1.0666666666666667,0.4888888888888889,1.274969374240322,0.8905415031947557,90,51.48,0.4111111111111111,0.4,1.628723840607312,1.0888888888888888,21.73111111111111,0.16666666666666663
mirror,0.08,2,0.5,84.89555555555556,6.869527041620722,0.6888888888888889,0.6777777777777778,32.15555555555556,1.011111111111111,0.8333333333333334,1.2055916238294035,0.9292449801171662,90,51.48,0.4111111111111111,0.4,1.628723840607312,1.0888888888888888,33.415555555555564,0.2777777777777778
mirror,0.08,2,0.65,94.13111111111112,6.52936412419144,0.7666666666666667,0.7666666666666667,28.2,0.8111111111111111,1.0444444444444445,1.0856124188034586,0.9630943507848058,90,51.48,0.4111111111111111,0.4,1.628723840607312,1.0888888888888888,42.65111111111113,0.3555555555555556
mirror,0.08,2,0.8,102.14666666666668,6.297417023949826,0.8444444444444444,0.8444444444444444,23.866666666666667,0.6444444444444445,1.0666666666666667,1.043541570549019,0.9814070714626623,90,51.48,0.4111111111111111,0.4,1.628723840607312,1.0888888888888888,50.66666666666668,0.43333333333333335
mirror,0.08,4,0.35,68.22666666666667,7.29433515430439,0.5222222222222223,0.5111111111111111,34.13333333333333,0.8777777777777778,0.4666666666666667,1.2622278352195706,0.8849916141391708,90,61.205555555555556,0.43333333333333335,0.43333333333333335,1.4662997085653529,0.7777777777777778,7.021111111111118,0.0888888888888889
mirror,0.08,4,0.5,81.03444444444445,7.254535997367881,0.6555555555555556,0.6333333333333333,33.51111111111111,0.9333333333333333,0.7666666666666667,1.0679606790707723,0.93325090963756,90,61.205555555555556,0.43333333333333335,0.43333333333333335,1.4662997085653529,0.7777777777777778,19.82888888888889,0.2222222222222222
mirror,0.08,4,0.65,88.81666666666666,7.35094909241663,0.7222222222222222,0.7222222222222222,31.455555555555556,0.9,1.1333333333333333,0.8743123461938986,0.9664542887277765,90,61.205555555555556,0.43333333333333335,0.43333333333333335,1.4662997085653529,0.7777777777777778,27.611111111111107,0.28888888888888886
mirror,0.08,4,0.8,99.58555555555556,6.55150277928233,0.8222222222222222,0.8222222222222222,28.711111111111112,0.7666666666666667,1.211111111111111,0.79941802057016,0.9832276671557486,90,61.205555555555556,0.43333333333333335,0.43333333333333335,1.4662997085653529,0.7777777777777778,38.38,0.38888888888888884
mirror,0.08,6,0.35,62.45,7.223474226445669,0.4888888888888889,0.4888888888888889,32.977777777777774,0.9444444444444444,0.4444444444444444,1.2470295805085585,0.8970169465618553,90,58.784444444444446,0.4444444444444444,0.4444444444444444,1.5980202167692363,0.8888888888888888,3.6655555555555566,0.04444444444444445
mirror,0.08,6,0.5,69.73333333333333,7.552191106682893,0.5888888888888889,0.5666666666666667,31.033333333333335,0.9333333333333333,0.7555555555555555,1.0379896695273911,0.9396613396504715,90,58.784444444444446,0.4444444444444444,0.4444444444444444,1.5980202167692363,0.8888888888888888,10.948888888888888,0.1444444444444445
mirror,0.08,6,0.65,73.55666666666667,8.10735490899926,0.6444444444444445,0.6444444444444445,29.344444444444445,1.0,1.0888888888888888,0.9173540838545676,0.9642539673403577,90,58.784444444444446,0.4444444444444444,0.4444444444444444,1.5980202167692363,0.8888888888888888,14.772222222222226,0.20000000000000007
mirror,0.08,6,0.8,77.37444444444445,8.023733608893972,0.6777777777777778,0.6777777777777778,28.7,0.9888888888888889,1.2333333333333334,0.8465348791315972,0.9755056579020057,90,58.784444444444446,0.4444444444444444,0.4444444444444444,1.5980202167692363,0.8888888888888888,18.590000000000003,0.2333333333333334
mirror,0.08,8,0.35,47.34888888888889,7.796599701311015,0.3888888888888889,0.3888888888888889,34.0,1.0444444444444445,0.5222222222222223,1.4978352750864072,0.8776850283267308,90,48.165555555555564,0.35555555555555557,0.34444444444444444,1.821268043475824,0.9888888888888889,-0.8166666666666771,0.033333333333333326
mirror,0.08,8,0.5,50.70777777777778,8.18345613884952,0.4666666666666667,0.4666666666666667,30.644444444444446,1.0666666666666667,0.8777777777777778,1.3063442599237338,0.9299425039416039,90,48.165555555555564,0.35555555555555557,0.34444444444444444,1.821268043475824,0.9888888888888889,2.5422222222222146,0.1111111111111111
mirror,0.08,8,0.65,62.97,8.337558546831781,0.5666666666666667,0.5666666666666667,30.522222222222222,1.011111111111111,1.1666666666666667,1.1076762813499366,0.9622889817129946,90,48.165555555555564,0.35555555555555557,0.34444444444444444,1.821268043475824,0.9888888888888889,14.804444444444435,0.21111111111111108
mirror,0.08,8,0.8,65.17111111111112,8.195730633100883,0.5777777777777777,0.5777777777777777,31.07777777777778,1.0444444444444445,1.1888888888888889,1.0851800124207336,0.9679167992039481,90,48.165555555555564,0.35555555555555557,0.34444444444444444,1.821268043475824,0.9888888888888889,17.005555555555553,0.22222222222222215
mirror,0.08,10,0.35,46.471111111111114,7.62430001198603,0.3888888888888889,0.3888888888888889,33.9,1.0,0.5444444444444444,1.414682993926151,0.8666778329426204,90,50.471111111111114,0.35555555555555557,0.34444444444444444,1.7417876512916608,0.9333333333333333,-4.0,0.033333333333333326
mirror,0.08,10,0.5,48.81555555555556,8.137171979134108,0.4444444444444444,0.4444444444444444,32.22222222222222,1.0444444444444445,0.8888888888888888,1.1230360822600638,0.9321273232196348,90,50.471111111111114,0.35555555555555557,0.34444444444444444,1.7417876512916608,0.9333333333333333,-1.6555555555555515,0.08888888888888885
mirror,0.08,10,0.65,49.64,8.452590528453266,0.4777777777777778,0.4777777777777778,30.18888888888889,1.0222222222222221,1.0555555555555556,1.0619931484053378,0.9522022921517274,90,50.471111111111114,0.35555555555555557,0.34444444444444444,1.7417876512916608,0.9333333333333333,-0.8311111111111131,0.12222222222222223
mirror,0.08,10,0.8,49.64,8.452590528453266,0.4777777777777778,0.4777777777777778,30.18888888888889,1.0222222222222221,1.0555555555555556,1.0619931484053378,0.9522022921517274,90,50.471111111111114,0.35555555555555557,0.34444444444444444,1.7417876512916608,0.9333333333333333,-0.8311111111111131,0.12222222222222223
mirror,0.08,12,0.35,48.96000000000001,7.9297084848172235,0.4222222222222222,0.4111111111111111,32.13333333333333,0.9111111111111111,0.5111111111111111,1.4511166833706508,0.8955584508936633,90,49.72555555555556,0.37777777777777777,0.35555555555555557,1.8179474414446866,0.9666666666666667,-0.7655555555555509,0.04444444444444445
mirror,0.08,12,0.5,50.36333333333333,7.733408150548584,0.45555555555555555,0.45555555555555555,30.122222222222224,0.8333333333333334,0.7777777777777778,1.29235269536295,0.9293734195222423,90,49.72555555555556,0.37777777777777777,0.35555555555555557,1.8179474414446866,0.9666666666666667,0.6377777777777709,0.07777777777777778
mirror,0.08,12,0.65,50.36333333333333,7.733408150548584,0.45555555555555555,0.45555555555555555,30.122222222222224,0.8333333333333334,0.7777777777777778,1.29235269536295,0.9293734195222423,90,49.72555555555556,0.37777777777777777,0.35555555555555557,1.8179474414446866,0.9666666666666667,0.6377777777777709,0.07777777777777778
mirror,0.08,12,0.8,50.36333333333333,7.733408150548584,0.45555555555555555,0.45555555555555555,30.122222222222224,0.8333333333333334,0.7777777777777778,1.29235269536295,0.9293734195222423,90,49.72555555555556,0.37777777777777777,0.35555555555555557,1.8179474414446866,0.9666666666666667,0.6377777777777709,0.07777777777777778
mirror,0.08,15,0.35,42.57222222222222,7.494152823119776,0.36666666666666664,0.36666666666666664,31.466666666666665,0.8555555555555555,0.4,1.6527449705685544,0.8795247139772411,90,51.99444444444445,0.3888888888888889,0.37777777777777777,1.8791547397985853,0.9111111111111111,-9.422222222222224,-0.022222222222222254
mirror,0.08,15,0.5,39.409444444444446,7.599805704792034,0.36666666666666664,0.36666666666666664,30.844444444444445,0.8666666666666667,0.5222222222222223,1.619389112972725,0.8882588555186639,90,51.99444444444445,0.3888888888888889,0.37777777777777777,1.8791547397985853,0.9111111111111111,-12.585,-0.022222222222222254
mirror,0.08,15,0.65,39.409444444444446,7.599805704792034,0.36666666666666664,0.36666666666666664,30.844444444444445,0.8666666666666667,0.5222222222222223,1.619389112972725,0.8882588555186639,90,51.99444444444445,0.3888888888888889,0.37777777777777777,1.8791547397985853,0.9111111111111111,-12.585,-0.022222222222222254
mirror,0.08,15,0.8,39.409444444444446,7.599805704792034,0.36666666666666664,0.36666666666666664,30.844444444444445,0.8666666666666667,0.5222222222222223,1.619389112972725,0.8882588555186639,90,51.99444444444445,0.3888888888888889,0.37777777777777777,1.8791547397985853,0.9111111111111111,-12.585,-0.022222222222222254
mirror,0.12,0,0.35,44.714444444444446,7.451547956236855,0.3888888888888889,0.35555555555555557,37.111111111111114,1.3888888888888888,0.6555555555555556,2.179092894789128,0.8610909935198268,90,32.31111111111111,0.26666666666666666,0.26666666666666666,2.4937558217653333,1.3333333333333333,12.403333333333336,0.12222222222222223
mirror,0.12,0,0.5,58.87666666666667,7.943243589780674,0.5111111111111111,0.45555555555555555,37.455555555555556,1.4,1.1777777777777778,1.9423122423787327,0.9141759760941878,90,32.31111111111111,0.26666666666666666,0.26666666666666666,2.4937558217653333,1.3333333333333333,26.565555555555562,0.2444444444444444
mirror,0.12,0,0.65,74.66111111111111,8.490187726227136,0.6555555555555556,0.6444444444444445,29.58888888888889,1.2333333333333334,1.3777777777777778,1.6022782375393287,0.955378577027325,90,32.31111111111111,0.26666666666666666,0.26666666666666666,2.4937558217653333,1.3333333333333333,42.35,0.3888888888888889
mirror,0.12,0,0.8,88.78888888888889,7.965514066473182,0.7444444444444445,0.7444444444444445,31.5,1.2666666666666666,1.9444444444444444,1.3544635149232727,0.9763776632988721,90,32.31111111111111,0.26666666666666666,0.26666666666666666,2.4937558217653333,1.3333333333333333,56.47777777777778,0.4777777777777778
mirror,0.12,2,0.35,55.04555555555556,7.08523709355854,0.4111111111111111,0.3888888888888889,36.75555555555555,0.9222222222222223,0.6111111111111112,2.3376668345883886,0.8495165423280612,90,39.87111111111111,0.2777777777777778,0.2777777777777778,2.785641757995976,1.0555555555555556,15.174444444444447,0.1333333333333333
mirror,0.12,2,0.5,72.20666666666668,7.203661990086412,0.5555555555555556,0.5555555555555556,34.94444444444444,0.9444444444444444,1.1222222222222222,1.8750384806781144,0.9122160727761056,90,39.87111111111111,0.2777777777777778,0.2777777777777778,2.785641757995976,1.0555555555555556,32.335555555555565,0.2777777777777778
mirror,0.12,2,0.65,80.91555555555556,7.262414127140173,0.6333333333333333,0.6333333333333333,32.08888888888889,0.8333333333333334,1.4222222222222223,1.6069919349133888,0.9539305634583646,90,39.87111111111111,0.2777777777777778,0.2777777777777778,2.785641757995976,1.0555555555555556,41.044444444444444,0.3555555555555555
mirror,0.12,2,0.8,97.72444444444446,6.738963847329074,0.8,0.8,28.466666666666665,0.7777777777777778,1.6888888888888889,1.384140354935788,0.9772835431121388,90,39.87111111111111,0.2777777777777778,0.2777777777777778,2.785641757995976,1.0555555555555556,57.853333333333346,0.5222222222222223
mirror,0.12,4,0.35,33.315555555555555,7.172983003696136,0.3111111111111111,0.28888888888888886,36.65555555555556,1.3555555555555556,0.7,2.02176540448893,0.8768499853573926,90,29.843333333333334,0.23333333333333334,0.2222222222222222,2.455783820419575,1.1777777777777778,3.4722222222222214,0.07777777777777778
mirror,0.12,4,0.5,37.70444444444445,7.511725650605547,0.35555555555555557,0.34444444444444444,36.53333333333333,1.4222222222222223,1.1222222222222222,1.8106033359011662,0.9173706869597906,90,29.843333333333334,0.23333333333333334,0.2222222222222222,2.455783820419575,1.1777777777777778,7.861111111111114,0.12222222222222223
mirror,0.12,4,0.65,59.35222222222222,8.153048069796284,0.5111111111111111,0.5,36.022222222222226,1.2,1.5222222222222221,1.5093965265694174,0.9550799015704795,90,29.843333333333334,0.23333333333333334,0.2222222222222222,2.455783820419575,1.1777777777777778,29.508888888888883,0.27777777777777773
mirror,0.12,4,0.8,62.501111111111115,8.12084177577529,0.5555555555555556,0.5444444444444444,33.87777777777778,1.1777777777777778,1.988888888888889,1.345616085678646,0.976363434717804,90,29.843333333333334,0.23333333333333334,0.2222222222222222,2.455783820419575,1.1777777777777778,32.65777777777778,0.32222222222222224
mirror,0.12,6,0.35,37.977777777777774,7.307956906807453,0.3111111111111111,0.3111111111111111,36.166666666666664,1.1888888888888889,0.6333333333333333,2.273213839050769,0.8599877077753851,90,33.035555555555554,0.24444444444444444,0.24444444444444444,2.7454652663267862,1.1666666666666667,4.94222222222222,0.06666666666666668
mirror,0.12,6,0.5,41.31444444444445,8.177902010977594,0.4,0.4,33.63333333333333,1.2777777777777777,1.1555555555555554,1.8964013731499307,0.9156822940727918,90,33.035555555555554,0.24444444444444444,0.24444444444444444,2.7454652663267862,1.1666666666666667,8.278888888888893,0.15555555555555559
mirror,0.12,6,0.65,49.30666666666667,8.337902837065778,0.4666666666666667,0.4666666666666667,32.9,1.2333333333333334,1.5222222222222221,1.5655920450563552,0.9551401983349361,90,33.035555555555554,0.24444444444444444,0.24444444444444444,2.7454652663267862,1.1666666666666667,16.271111111111118,0.22222222222222224
mirror,0.12,6,0.8,50.90111111111111,8.069073757067157,0.4888888888888889,0.4888888888888889,32.233333333333334,1.2333333333333334,1.8,1.4022256549480143,0.9725484404541477,90,33.035555555555554,0.24444444444444444,0.24444444444444444,2.7454652663267862,1.1666666666666667,17.86555555555556,0.24444444444444444
mirror,0.12,8,0.35,39.99333333333333,7.865807704009451,0.36666666666666664,0.35555555555555557,33.522222222222226,1.1333333333333333,0.6111111111111112,1.9810485278622623,0.8666376461392724,90,43.93,0.3333333333333333,0.32222222222222224,2.347130724192567,1.0222222222222221,-3.9366666666666674,0.033333333333333326
mirror,0.12,8,0.5,47.42333333333334,8.089890895841348,0.43333333333333335,0.4222222222222222,31.91111111111111,0.9777777777777777,0.9444444444444444,1.7415216563401534,0.9223352566910223,90,43.93,0.3333333333333333,0.32222222222222224,2.347130724192567,1.0222222222222221,3.4933333333333394,0.10000000000000003
mirror,0.12,8,0.65,51.49777777777778,7.571547202233496,0.45555555555555555,0.45555555555555555,32.266666666666666,0.8666666666666667,1.288888888888889,1.4700498944772038,0.9609198912746503,90,43.93,0.3333333333333333,0.32222222222222224,2.347130724192567,1.0222222222222221,7.567777777777778,0.12222222222222223
mirror,0.12,8,0.8,47.698888888888895,7.514540627015553,0.4444444444444444,0.4444444444444444,32.15555555555556,0.9111111111111111,1.4555555555555555,1.4377086697879715,0.9674744129293237,90,43.93,0.3333333333333333,0.32222222222222224,2.347130724192567,1.0222222222222221,3.7688888888888954,0.1111111111111111
mirror,0.12,10,0.35,35.138888888888886,7.636082571568444,0.3333333333333333,0.32222222222222224,34.62222222222222,1.1555555555555554,0.6444444444444445,2.2855180272695956,0.8602910959666782,90,37.14333333333333,0.3,0.3,2.6634959143158023,1.2222222222222223,-2.004444444444445,0.033333333333333326
mirror,0.12,10,0.5,34.53555555555556,7.772571626602384,0.35555555555555557,0.35555555555555557,32.67777777777778,1.2,1.0,1.9787441861829351,0.919072149731263,90,37.14333333333333,0.3,0.3,2.6634959143158023,1.2222222222222223,-2.6077777777777698,0.05555555555555558
mirror,0.12,10,0.65,33.75666666666667,8.062882396161568,0.3888888888888889,0.3888888888888889,29.022222222222222,1.1333333333333333,1.2444444444444445,1.6942990247651983,0.9516236922330745,90,37.14333333333333,0.3,0.3,2.6634959143158023,1.2222222222222223,-3.386666666666663,0.0888888888888889
mirror,0.12,10,0.8,33.75666666666667,8.062882396161568,0.3888888888888889,0.3888888888888889,29.022222222222222,1.1333333333333333,1.2444444444444445,1.6942990247651983,0.9516236922330745,90,37.14333333333333,0.3,0.3,2.6634959143158023,1.2222222222222223,-3.386666666666663,0.0888888888888889
mirror,0.12,12,0.35,26.49777777777778,7.177977830647908,0.2777777777777778,0.26666666666666666,34.022222222222226,1.1888888888888889,0.6111111111111112,2.533756135201214,0.8607501091389547,90,32.471111111111114,0.25555555555555554,0.24444444444444444,2.9049845140343136,1.2444444444444445,-5.973333333333333,0.022222222222222254
mirror,0.12,12,0.5,21.315555555555555,7.3142016205526605,0.2777777777777778,0.2777777777777778,31.122222222222224,1.211111111111111,1.0,2.137395518133975,0.9176249620796674,90,32.471111111111114,0.25555555555555554,0.24444444444444444,2.9049845140343136,1.2444444444444445,-11.155555555555559,0.022222222222222254
mirror,0.12,12,0.65,20.575555555555557,7.60471489715059,0.28888888888888886,0.28888888888888886,31.211111111111112,1.2,1.211111111111111,1.9717759183218475,0.9312950538661585,90,32.471111111111114,0.25555555555555554,0.24444444444444444,2.9049845140343136,1.2444444444444445,-11.895555555555557,0.033333333333333326
mirror,0.12,12,0.8,20.575555555555557,7.60471489715059,0.28888888888888886,0.28888888888888886,31.211111111111112,1.2,1.211111111111111,1.9717759183218475,0.9312950538661585,90,32.471111111111114,0.25555555555555554,0.24444444444444444,2.9049845140343136,1.2444444444444445,-11.895555555555557,0.033333333333333326
mirror,0.12,15,0.35,26.955555555555556,7.352274544422094,0.28888888888888886,0.28888888888888886,31.511111111111113,1.0,0.6,2.2953175081772077,0.848508397794227,90,33.04333333333334,0.25555555555555554,0.25555555555555554,2.6346218822948675,1.1666666666666667,-6.087777777777781,0.033333333333333326
mirror,0.12,15,0.5,22.63222222222222,7.410580144081476,0.28888888888888886,0.28888888888888886,30.377777777777776,1.0,0.8444444444444444,2.0516349513890835,0.8828358597479807,90,33.04333333333334,0.25555555555555554,0.25555555555555554,2.6346218822948675,1.1666666666666667,-10.411111111111115,0.033333333333333326
mirror,0.12,15,0.65,22.63222222222222,7.410580144081476,0.28888888888888886,0.28888888888888886,30.377777777777776,1.0,0.8444444444444444,2.0516349513890835,0.8828358597479807,90,33.04333333333334,0.25555555555555554,0.25555555555555554,2.6346218822948675,1.1666666666666667,-10.411111111111115,0.033333333333333326
mirror,0.12,15,0.8,22.63222222222222,7.410580144081476,0.28888888888888886,0.28888888888888886,30.377777777777776,1.0,0.8444444444444444,2.0516349513890835,0.8828358597479807,90,33.04333333333334,0.25555555555555554,0.25555555555555554,2.6346218822948675,1.1666666666666667,-10.411111111111115,0.033333333333333326
mirror,0.16,0,0.35,52.75666666666667,7.140918654204621,0.43333333333333335,0.37777777777777777,40.25555555555555,1.3222222222222222,0.7111111111111111,2.5396880380351954,0.8519978544730982,90,30.99,0.2222222222222222,0.2,3.183887688689786,1.2555555555555555,21.76666666666667,0.21111111111111114
mirror,0.16,0,0.5,64.01888888888888,7.713169647013256,0.5444444444444444,0.4888888888888889,35.855555555555554,1.288888888888889,1.1888888888888889,2.086748118783672,0.9127077055663517,90,30.99,0.2222222222222222,0.2,3.183887688689786,1.2555555555555555,33.028888888888886,0.3222222222222222
mirror,0.16,0,0.65,64.53333333333333,8.163796178246372,0.5777777777777777,0.5444444444444444,32.1,1.3777777777777778,1.5444444444444445,1.898601995606705,0.9467160871434038,90,30.99,0.2222222222222222,0.2,3.183887688689786,1.2555555555555555,33.54333333333334,0.3555555555555555
mirror,0.16,0,0.8,90.36111111111111,7.08299218291832,0.7444444444444445,0.7333333333333333,30.944444444444443,1.1333333333333333,2.011111111111111,1.7412761212753853,0.9717884162266682,90,30.99,0.2222222222222222,0.2,3.183887688689786,1.2555555555555555,59.37111111111112,0.5222222222222223
mirror,0.16,2,0.35,45.851111111111116,7.236090405437631,0.37777777777777777,0.35555555555555557,36.833333333333336,1.2333333333333334,0.5444444444444444,2.4738514619669365,0.8642014122840943,90,39.175555555555555,0.3,0.28888888888888886,2.8659924118752946,1.1555555555555554,6.675555555555562,0.07777777777777778
mirror,0.16,2,0.5,54.50333333333334,7.460997287517572,0.4444444444444444,0.4,37.98888888888889,1.1777777777777778,1.0555555555555556,2.273623963074,0.9078474102705433,90,39.175555555555555,0.3,0.28888888888888886,2.8659924118752946,1.1555555555555554,15.327777777777783,0.14444444444444443
mirror,0.16,2,0.65,61.35,8.001205940629797,0.5444444444444444,0.5222222222222223,31.855555555555554,1.2,1.4,1.8756852375324526,0.9523115125573751,90,39.175555555555555,0.3,0.28888888888888886,2.8659924118752946,1.1555555555555554,22.174444444444447,0.2444444444444444
mirror,0.16,2,0.8,79.29444444444445,7.809040722554829,0.6777777777777778,0.6666666666666666,28.7,0.9444444444444444,1.7555555555555555,1.6664751512724008,0.9752468203123618,90,39.175555555555555,0.3,0.28888888888888886,2.8659924118752946,1.1555555555555554,40.1188888888889,0.3777777777777778
mirror,0.16,4,0.35,50.23222222222223,7.576668936889115,0.4,0.4,33.733333333333334,1.0555555555555556,0.5777777777777777,2.228748013626796,0.886237020052042,90,46.94555555555556,0.36666666666666664,0.35555555555555557,2.620749202667006,1.0777777777777777,3.286666666666669,0.03333333333333338
mirror,0.16,4,0.5,55.10333333333334,7.737071524826086,0.45555555555555555,0.45555555555555555,31.933333333333334,1.0222222222222221,0.8555555555555555,1.9975741135175649,0.9283717110106464,90,46.94555555555556,0.36666666666666664,0.35555555555555557,2.620749202667006,1.0777777777777777,8.157777777777781,0.0888888888888889
mirror,0.16,4,0.65,60.379999999999995,7.804493119923059,0.5,0.5,33.166666666666664,1.0333333333333334,1.4,1.7443177933695468,0.9583997355653977,90,46.94555555555556,0.36666666666666664,0.35555555555555557,2.620749202667006,1.0777777777777777,13.434444444444438,0.13333333333333336
mirror,0.16,4,0.8,64.39222222222223,7.722518627494817,0.5333333333333333,0.5333333333333333,35.22222222222222,1.0333333333333334,2.0,1.6266738989292588,0.9764616311390022,90,46.94555555555556,0.36666666666666664,0.35555555555555557,2.620749202667006,1.0777777777777777,17.446666666666673,0.16666666666666669
mirror,0.16,6,0.35,22.93555555555556,7.4552752709789445,0.26666666666666666,0.24444444444444444,33.87777777777778,1.4555555555555555,0.6666666666666666,2.494046965550236,0.8708966423984796,90,31.457777777777782,0.2777777777777778,0.26666666666666666,2.941510526236247,1.3333333333333333,-8.522222222222222,-0.011111111111111127
mirror,0.16,6,0.5,30.71,7.945757125952141,0.3333333333333333,0.32222222222222224,33.34444444444444,1.4444444444444444,1.0777777777777777,2.144341348923438,0.9200526150278548,90,31.457777777777782,0.2777777777777778,0.26666666666666666,2.941510526236247,1.3333333333333333,-0.747777777777781,0.055555555555555525
mirror,0.16,6,0.65,41.73777777777778,8.100271812732228,0.4,0.3888888888888889,33.922222222222224,1.211111111111111,1.4666666666666666,1.8745113009556666,0.9495449714748544,90,31.457777777777782,0.2777777777777778,0.26666666666666666,2.941510526236247,1.3333333333333333,10.279999999999998,0.12222222222222223
mirror,0.16,6,0.8,42.35888888888889,8.002876027106103,0.4111111111111111,0.4111111111111111,30.57777777777778,1.0888888888888888,1.7666666666666666,1.6378237615093736,0.9725481895640427,90,31.457777777777782,0.2777777777777778,0.26666666666666666,2.941510526236247,1.3333333333333333,10.90111111111111,0.1333333333333333
mirror,0.16,8,0.35,28.276666666666667,6.951084674517324,0.26666666666666666,0.25555555555555554,36.8,1.288888888888889,0.6888888888888889,2.7483267310012023,0.848471372546512,90,33.678888888888885,0.23333333333333334,0.2222222222222222,3.213411576921759,1.2555555555555555,-5.402222222222218,0.033333333333333326
mirror,0.16,8,0.5,33.36666666666667,7.6264643709584155,0.3333333333333333,0.32222222222222224,35.166666666666664,1.2555555555555555,1.0666666666666667,2.311225980468259,0.910509271201312,90,33.678888888888885,0.23333333333333334,0.2222222222222222,3.213411576921759,1.2555555555555555,-0.31222222222221774,0.09999999999999998
mirror,0.16,8,0.65,36.28,7.865419059323954,0.37777777777777777,0.37777777777777777,32.544444444444444,1.1666666666666667,1.4333333333333333,2.0860170117900037,0.9494229679686375,90,33.678888888888885,0.23333333333333334,0.2222222222222222,3.213411576921759,1.2555555555555555,2.6011111111111163,0.14444444444444443
mirror,0.16,8,0.8,25.542222222222225,7.431086806822491,0.3111111111111111,0.3111111111111111,32.2,1.2333333333333334,1.6777777777777778,1.91124352585168,0.9613823506306675,90,33.678888888888885,0.23333333333333334,0.2222222222222222,3.213411576921759,1.2555555555555555,-8.13666666666666,0.07777777777777778
mirror,0.16,10,0.35,35.49666666666666,7.660844630289677,0.32222222222222224,0.32222222222222224,34.8,1.1555555555555554,0.6555555555555556,2.7247880838685306,0.8538965718732757,90,33.26888888888889,0.25555555555555554,0.25555555555555554,3.195481813343524,1.3111111111111111,2.2277777777777743,0.06666666666666671
mirror,0.16,10,0.5,34.31666666666667,8.08694579304668,0.37777777777777777,0.37777777777777777,29.244444444444444,1.1,1.0222222222222221,2.3476544387903067,0.9133773122517581,90,33.26888888888889,0.25555555555555554,0.25555555555555554,3.195481813343524,1.3111111111111111,1.0477777777777817,0.12222222222222223
mirror,0.16,10,0.65,29.44777777777778,7.802974756503519,0.35555555555555557,0.35555555555555557,29.788888888888888,1.1111111111111112,1.4111111111111112,2.0399593101860636,0.9494751941401149,90,33.26888888888889,0.25555555555555554,0.25555555555555554,3.195481813343524,1.3111111111111111,-3.821111111111108,0.10000000000000003
mirror,0.16,10,0.8,34.49111111111111,7.8749597061283225,0.3888888888888889,0.3888888888888889,28.744444444444444,1.0222222222222221,1.3555555555555556,2.060514150740009,0.9524523064360303,90,33.26888888888889,0.25555555555555554,0.25555555555555554,3.195481813343524,1.3111111111111111,1.2222222222222214,0.13333333333333336
mirror,0.16,12,0.35,32.91222222222222,7.735051118104833,0.3,0.3,35.833333333333336,1.1222222222222222,0.6333333333333333,2.5452899116274494,0.8550214816580175,90,37.45777777777778,0.26666666666666666,0.26666666666666666,2.9499162041153633,1.1444444444444444,-4.545555555555559,0.033333333333333326
mirror,0.16,12,0.5,25.29,7.646306469251861,0.3,0.3,31.844444444444445,1.0888888888888888,1.0444444444444445,2.184228922839566,0.913486514011873,90,37.45777777777778,0.26666666666666666,0.26666666666666666,2.9499162041153633,1.1444444444444444,-12.16777777777778,0.033333333333333326
mirror,0.16,12,0.65,22.024444444444445,7.547408102550485,0.28888888888888886,0.28888888888888886,30.622222222222224,1.0444444444444445,1.2,2.0467249297065653,0.9380883041972439,90,37.45777777777778,0.26666666666666666,0.26666666666666666,2.9499162041153633,1.1444444444444444,-15.433333333333334,0.0222222222222222
mirror,0.16,12,0.8,22.024444444444445,7.547408102550485,0.28888888888888886,0.28888888888888886,30.622222222222224,1.0444444444444445,1.2,2.0467249297065653,0.9380883041972439,90,37.45777777777778,0.26666666666666666,0.26666666666666666,2.9499162041153633,1.1444444444444444,-15.433333333333334,0.0222222222222222
mirror,0.16,15,0.35,36.335,8.1425477156798,0.35555555555555557,0.35555555555555557,32.266666666666666,1.0888888888888888,0.45555555555555555,2.4306956006936398,0.8707880323883457,90,44.394444444444446,0.35555555555555557,0.34444444444444444,2.665510528073563,1.1333333333333333,-8.059444444444445,0.0
mirror,0.16,15,0.5,30.239444444444448,8.087746873954224,0.34444444444444444,0.34444444444444444,29.244444444444444,0.9444444444444444,0.7888888888888889,2.2189350155278262,0.9182343356034731,90,44.394444444444446,0.35555555555555557,0.34444444444444444,2.665510528073563,1.1333333333333333,-14.154999999999998,-0.011111111111111127
mirror,0.16,15,0.65,30.239444444444448,8.087746873954224,0.34444444444444444,0.34444444444444444,29.244444444444444,0.9444444444444444,0.7888888888888889,2.2189350155278262,0.9182343356034731,90,44.394444444444446,0.35555555555555557,0.34444444444444444,2.665510528073563,1.1333333333333333,-14.154999999999998,-0.011111111111111127
mirror,0.16,15,0.8,30.239444444444448,8.087746873954224,0.34444444444444444,0.34444444444444444,29.244444444444444,0.9444444444444444,0.7888888888888889,2.2189350155278262,0.9182343356034731,90,44.394444444444446,0.35555555555555557,0.34444444444444444,2.665510528073563,1.1333333333333333,-14.154999999999998,-0.011111111111111127
mirror,0.2,0,0.35,44.68666666666667,7.47727496811599,0.35555555555555557,0.32222222222222224,39.455555555555556,1.3,0.7,3.038400136618737,0.845225353438851,90,36.25111111111111,0.24444444444444444,0.24444444444444444,3.6048888837942443,1.1444444444444444,8.43555555555556,0.11111111111111113
mirror,0.2,0,0.5,47.89,7.541525499951384,0.3888888888888889,0.37777777777777777,37.32222222222222,1.3555555555555556,1.1555555555555554,2.8069943593359366,0.8916083714016202,90,36.25111111111111,0.24444444444444444,0.24444444444444444,3.6048888837942443,1.1444444444444444,11.638888888888893,0.14444444444444446
mirror,0.2,0,0.65,67.36,7.786061492054403,0.5777777777777777,0.5444444444444444,35.13333333333333,1.3111111111111111,1.6222222222222222,2.4867250152726728,0.9401495353416901,90,36.25111111111111,0.24444444444444444,0.24444444444444444,3.6048888837942443,1.1444444444444444,31.10888888888889,0.33333333333333326
mirror,0.2,0,0.8,84.02111111111111,7.600815958308096,0.6888888888888889,0.6555555555555556,32.77777777777778,1.0888888888888888,2.2222222222222223,2.060977943900153,0.9702245977375312,90,36.25111111111111,0.24444444444444444,0.24444444444444444,3.6048888837942443,1.1444444444444444,47.77,0.4444444444444444
mirror,0.2,2,0.35,30.20888888888889,7.0641274578100495,0.25555555555555554,0.23333333333333334,40.13333333333333,1.4555555555555555,0.7111111111111111,3.334023373107304,0.8338350644974254,90,32.81222222222222,0.24444444444444444,0.2111111111111111,3.90145643313924,1.2,-2.603333333333328,0.0111111111111111
mirror,0.2,2,0.5,45.035555555555554,7.335460929210435,0.37777777777777777,0.3333333333333333,40.544444444444444,1.3777777777777778,1.3222222222222222,2.756403150029349,0.9000222667046823,90,32.81222222222222,0.24444444444444444,0.2111111111111111,3.90145643313924,1.2,12.223333333333336,0.13333333333333333
mirror,0.2,2,0.65,49.47,8.114669974127953,0.4444444444444444,0.4444444444444444,33.41111111111111,1.3666666666666667,1.6666666666666667,2.390217049828785,0.9430041528408603,90,32.81222222222222,0.24444444444444444,0.2111111111111111,3.90145643313924,1.2,16.65777777777778,0.19999999999999998
mirror,0.2,2,0.8,59.06444444444445,7.79146918351928,0.5333333333333333,0.5111111111111111,34.63333333333333,1.3222222222222222,2.511111111111111,2.073470719096544,0.9680136220281989,90,32.81222222222222,0.24444444444444444,0.2111111111111111,3.90145643313924,1.2,26.25222222222223,0.28888888888888886
mirror,0.2,4,0.35,13.042222222222222,6.34393868168256,0.17777777777777778,0.16666666666666666,37.666666666666664,1.6555555555555554,0.8222222222222222,3.071179816566158,0.8466852815204522,90,17.833333333333332,0.16666666666666666,0.16666666666666666,3.5974575772826647,1.5222222222222221,-4.79111111111111,0.011111111111111127
mirror,0.2,4,0.5,20.015555555555558,7.07839037246086,0.23333333333333334,0.23333333333333334,35.266666666666666,1.5222222222222221,1.288888888888889,2.6616490022181263,0.9031620522228005,90,17.833333333333332,0.16666666666666666,0.16666666666666666,3.5974575772826647,1.5222222222222221,2.182222222222226,0.06666666666666668
mirror,0.2,4,0.65,36.05777777777778,7.443365859964685,0.32222222222222224,0.32222222222222224,37.67777777777778,1.3555555555555556,1.8444444444444446,2.3537762087558023,0.9424817464247727,90,17.833333333333332,0.16666666666666666,0.16666666666666666,3.5974575772826647,1.5222222222222221,18.224444444444448,0.15555555555555559
mirror,0.2,4,0.8,40.45,7.952607319051797,0.4111111111111111,0.4111111111111111,32.15555555555556,1.3222222222222222,2.2,1.9249457299668504,0.9692978946516544,90,17.833333333333332,0.16666666666666666,0.16666666666666666,3.5974575772826647,1.5222222222222221,22.61666666666667,0.24444444444444444
mirror,0.2,6,0.35,29.703333333333337,7.122654762195289,0.25555555555555554,0.25555555555555554,36.74444444444445,1.2777777777777777,0.5555555555555556,3.1526097567589852,0.8498979341923781,90,33.58555555555555,0.24444444444444444,0.24444444444444444,3.4544180327011014,1.1666666666666667,-3.8822222222222145,0.0111111111111111
mirror,0.2,6,0.5,33.40111111111111,7.5561466400575865,0.3111111111111111,0.3111111111111111,34.01111111111111,1.211111111111111,0.9888888888888889,2.674980204538182,0.9035799108367379,90,33.58555555555555,0.24444444444444444,0.24444444444444444,3.4544180327011014,1.1666666666666667,-0.18444444444443775,0.06666666666666668
mirror,0.2,6,0.65,30.547777777777778,7.080901186813911,0.3,0.28888888888888886,35.24444444444445,1.1555555555555554,1.6888888888888889,2.3360881909340883,0.9433059297138044,90,33.58555555555555,0.24444444444444444,0.24444444444444444,3.4544180327011014,1.1666666666666667,-3.037777777777773,0.05555555555555555
mirror,0.2,6,0.8,30.864444444444448,7.519221529670638,0.32222222222222224,0.32222222222222224,33.74444444444445,1.1222222222222222,2.2,2.086392469785686,0.970409977111897,90,33.58555555555555,0.24444444444444444,0.24444444444444444,3.4544180327011014,1.1666666666666667,-2.721111111111103,0.0777777777777778
mirror,0.2,8,0.35,17.24222222222222,6.899338653242735,0.2222222222222222,0.2111111111111111,34.333333333333336,1.4333333333333333,0.7111111111111111,3.186242444624455,0.8484749668572829,90,19.92222222222222,0.15555555555555556,0.14444444444444443,3.8550267959275426,1.3888888888888888,-2.6799999999999997,0.06666666666666665
mirror,0.2,8,0.5,23.182222222222222,7.242068040798843,0.26666666666666666,0.26666666666666666,32.96666666666667,1.2555555555555555,1.2,2.7894719358209494,0.8993868888926652,90,19.92222222222222,0.15555555555555556,0.14444444444444443,3.8550267959275426,1.3888888888888888,3.2600000000000016,0.1111111111111111
mirror,0.2,8,0.65,16.995555555555555,6.787276396072428,0.23333333333333334,0.23333333333333334,31.877777777777776,1.1777777777777778,1.6,2.432811312828356,0.9403281004282319,90,19.92222222222222,0.15555555555555556,0.14444444444444443,3.8550267959275426,1.3888888888888888,-2.926666666666666,0.07777777777777778
mirror,0.2,8,0.8,16.24888888888889,7.33142216234054,0.26666666666666666,0.26666666666666666,30.244444444444444,1.211111111111111,1.988888888888889,2.012635523703223,0.9644704785672514,90,19.92222222222222,0.15555555555555556,0.14444444444444443,3.8550267959275426,1.3888888888888888,-3.673333333333332,0.1111111111111111
mirror,0.2,10,0.35,24.584444444444443,6.873236722896031,0.23333333333333334,0.2222222222222222,37.08888888888889,1.211111111111111,0.5888888888888889,3.1104215756076075,0.8514605486253894,90,24.484444444444442,0.17777777777777778,0.16666666666666666,3.567513438522419,1.3444444444444446,0.10000000000000142,0.05555555555555555
mirror,0.2,10,0.5,25.923333333333332,7.209684679895551,0.2777777777777778,0.25555555555555554,35.05555555555556,1.1333333333333333,1.0222222222222221,2.682316012889282,0.9054443787840089,90,24.484444444444442,0.17777777777777778,0.16666666666666666,3.567513438522419,1.3444444444444446,1.43888888888889,0.1
mirror,0.2,10,0.65,16.727777777777778,6.9419398879336915,0.2222222222222222,0.2222222222222222,32.2,1.0333333333333334,1.488888888888889,2.2678735964826386,0.9429266943843118,90,24.484444444444442,0.17777777777777778,0.16666666666666666,3.567513438522419,1.3444444444444446,-7.756666666666664,0.044444444444444425
mirror,0.2,10,0.8,19.19888888888889,7.073989826895592,0.24444444444444444,0.24444444444444444,32.78888888888889,0.9777777777777777,1.7444444444444445,2.16923594744915,0.9557253113447334,90,24.484444444444442,0.17777777777777778,0.16666666666666666,3.567513438522419,1.3444444444444446,-5.2855555555555505,0.06666666666666665
mirror,0.2,12,0.35,14.876666666666667,6.489081399030678,0.16666666666666666,0.16666666666666666,36.22222222222222,1.2777777777777777,0.6555555555555556,3.066724100256443,0.8411108044398439,90,21.421111111111113,0.15555555555555556,0.14444444444444443,3.5332556281898553,1.4333333333333333,-6.544444444444446,0.0111111111111111
mirror,0.2,12,0.5,12.232222222222223,6.7009770334586864,0.2,0.2,33.37777777777778,1.211111111111111,1.1666666666666667,2.5791436021450824,0.902636798279501,90,21.421111111111113,0.15555555555555556,0.14444444444444443,3.5332556281898553,1.4333333333333333,-9.18888888888889,0.04444444444444445
mirror,0.2,12,0.65,8.783333333333333,7.10598985084412,0.2222222222222222,0.2222222222222222,28.977777777777778,1.211111111111111,1.3555555555555556,2.2792408560103823,0.9455795439043564,90,21.421111111111113,0.15555555555555556,0.14444444444444443,3.5332556281898553,1.4333333333333333,-12.63777777777778,0.06666666666666665
mirror,0.2,12,0.8,8.783333333333333,7.10598985084412,0.2222222222222222,0.2222222222222222,28.977777777777778,1.211111111111111,1.3555555555555556,2.2792408560103823,0.9455795439043564,90,21.421111111111113,0.15555555555555556,0.14444444444444443,3.5332556281898553,1.4333333333333333,-12.63777777777778,0.06666666666666665
mirror,0.2,15,0.35,20.133333333333333,7.471405331526662,0.25555555555555554,0.25555555555555554,33.06666666666667,1.2222222222222223,0.6,2.912146078021768,0.8725055793059125,90,32.09888888888889,0.26666666666666666,0.26666666666666666,3.371268962604704,1.3555555555555556,-11.965555555555554,-0.011111111111111127
mirror,0.2,15,0.5,10.534999999999998,7.454143894824145,0.23333333333333334,0.23333333333333334,30.144444444444446,1.1222222222222222,1.011111111111111,2.69726839793963,0.9165260959438819,90,32.09888888888889,0.26666666666666666,0.26666666666666666,3.371268962604704,1.3555555555555556,-21.56388888888889,-0.033333333333333326
mirror,0.2,15,0.65,14.360000000000001,7.754012782566826,0.26666666666666666,0.26666666666666666,28.622222222222224,1.1111111111111112,1.0,2.5998847194596406,0.929533672734364,90,32.09888888888889,0.26666666666666666,0.26666666666666666,3.371268962604704,1.3555555555555556,-17.738888888888887,0.0
mirror,0.2,15,0.8,14.360000000000001,7.754012782566826,0.26666666666666666,0.26666666666666666,28.622222222222224,1.1111111111111112,1.0,2.5998847194596406,0.929533672734364,90,32.09888888888889,0.26666666666666666,0.26666666666666666,3.371268962604704,1.3555555555555556,-17.738888888888887,0.0
mirror,0.25,0,0.35,30.529999999999998,7.166446900210248,0.2777777777777778,0.2222222222222222,40.74444444444445,1.4777777777777779,0.6888888888888889,4.053590479222287,0.8567399037340481,90,29.724444444444448,0.2111111111111111,0.18888888888888888,4.655677383821142,1.2666666666666666,0.80555555555555,0.06666666666666668
mirror,0.25,0,0.5,35.845555555555556,7.531954757875569,0.3111111111111111,0.3,37.422222222222224,1.4666666666666666,1.1555555555555554,3.6897787755295246,0.8956196787349436,90,29.724444444444448,0.2111111111111111,0.18888888888888888,4.655677383821142,1.2666666666666666,6.121111111111109,0.1
mirror,0.25,0,0.65,46.52333333333334,7.953014496122247,0.4,0.37777777777777777,37.2,1.4777777777777779,1.9777777777777779,3.098320167673421,0.938081006798588,90,29.724444444444448,0.2111111111111111,0.18888888888888888,4.655677383821142,1.2666666666666666,16.798888888888893,0.1888888888888889
mirror,0.25,0,0.8,54.595555555555556,8.584180484154972,0.4888888888888889,0.4777777777777778,35.955555555555556,1.6111111111111112,2.6666666666666665,2.6091740594451434,0.9644342748765835,90,29.724444444444448,0.2111111111111111,0.18888888888888888,4.655677383821142,1.2666666666666666,24.87111111111111,0.2777777777777778
mirror,0.25,2,0.35,33.507777777777775,6.755788053895563,0.25555555555555554,0.2222222222222222,41.78888888888889,1.2777777777777777,0.5555555555555556,4.270371189583897,0.8426971654328325,90,31.162222222222223,0.2111111111111111,0.18888888888888888,4.753082882303131,1.2,2.3455555555555527,0.044444444444444425
mirror,0.25,2,0.5,38.26888888888889,6.908410016054613,0.2777777777777778,0.24444444444444444,42.733333333333334,1.2333333333333334,1.2666666666666666,3.987956126438484,0.8972814031937923,90,31.162222222222223,0.2111111111111111,0.18888888888888888,4.753082882303131,1.2,7.106666666666666,0.06666666666666668
mirror,0.25,2,0.65,42.418888888888894,7.187985518651292,0.3333333333333333,0.3111111111111111,41.733333333333334,1.3,1.988888888888889,3.5723316656009554,0.9381223188404418,90,31.162222222222223,0.2111111111111111,0.18888888888888888,4.753082882303131,1.2,11.256666666666671,0.1222222222222222
mirror,0.25,2,0.8,42.65555555555556,7.765207802274974,0.37777777777777777,0.36666666666666664,37.17777777777778,1.4111111111111112,2.611111111111111,2.8324028352097415,0.9660265068902325,90,31.162222222222223,0.2111111111111111,0.18888888888888888,4.753082882303131,1.2,11.493333333333336,0.16666666666666666
mirror,0.25,4,0.35,23.337777777777777,6.886311591503492,0.2111111111111111,0.2,37.56666666666667,1.3777777777777778,0.6888888888888889,4.345019114361189,0.8452673004092464,90,23.63,0.17777777777777778,0.16666666666666666,4.968693031755398,1.3222222222222222,-0.2922222222222217,0.033333333333333326
mirror,0.25,4,0.5,18.07111111111111,6.846232138409774,0.2,0.2,37.4,1.5444444444444445,1.3222222222222222,3.8454033733085584,0.8942270999343676,90,23.63,0.17777777777777778,0.16666666666666666,4.968693031755398,1.3222222222222222,-5.558888888888887,0.022222222222222227
mirror,0.25,4,0.65,16.232222222222223,6.609829405021743,0.2,0.17777777777777778,37.78888888888889,1.4777777777777779,2.033333333333333,3.327126733989343,0.9379056387665461,90,23.63,0.17777777777777778,0.16666666666666666,4.968693031755398,1.3222222222222222,-7.397777777777776,0.022222222222222227
mirror,0.25,4,0.8,24.43777777777778,7.012097016138593,0.26666666666666666,0.26666666666666666,35.644444444444446,1.4,2.8333333333333335,2.8282060775216444,0.9672364129203367,90,23.63,0.17777777777777778,0.16666666666666666,4.968693031755398,1.3222222222222222,0.8077777777777797,0.08888888888888888
mirror,0.25,6,0.35,20.86,6.878661535455193,0.2,0.18888888888888888,38.93333333333333,1.3888888888888888,0.6555555555555556,4.213220490264766,0.8549926948105281,90,26.615555555555556,0.18888888888888888,0.17777777777777778,4.576068063930371,1.2555555555555555,-5.755555555555556,0.011111111111111127
mirror,0.25,6,0.5,19.733333333333334,6.679855867231812,0.2,0.17777777777777778,37.28888888888889,1.2555555555555555,1.0333333333333334,3.835840989051486,0.9038022693012937,90,26.615555555555556,0.18888888888888888,0.17777777777777778,4.576068063930371,1.2555555555555555,-6.882222222222222,0.011111111111111127
mirror,0.25,6,0.65,21.43888888888889,6.736054757348222,0.2111111111111111,0.2111111111111111,35.63333333333333,1.1,1.6555555555555554,3.4726918826125477,0.9447627199866635,90,26.615555555555556,0.18888888888888888,0.17777777777777778,4.576068063930371,1.2555555555555555,-5.176666666666666,0.022222222222222227
mirror,0.25,6,0.8,20.678888888888892,6.828779608936492,0.23333333333333334,0.23333333333333334,34.233333333333334,1.0222222222222221,2.3333333333333335,2.917330532220137,0.9694186208314728,90,26.615555555555556,0.18888888888888888,0.17777777777777778,4.576068063930371,1.2555555555555555,-5.936666666666664,0.04444444444444445
mirror,0.25,8,0.35,8.704444444444444,5.5311960384493775,0.1111111111111111,0.1111111111111111,37.977777777777774,1.4444444444444444,0.5777777777777777,4.117164441480323,0.8482009345971313,90,12.517777777777777,0.1,0.1,4.448511076689053,1.4666666666666666,-3.8133333333333326,0.0111111111111111
mirror,0.25,8,0.5,4.6255555555555565,5.739114227181489,0.13333333333333333,0.1111111111111111,37.13333333333333,1.4666666666666666,1.1555555555555554,3.6719353403855104,0.8982286019638122,90,12.517777777777777,0.1,0.1,4.448511076689053,1.4666666666666666,-7.8922222222222205,0.033333333333333326
mirror,0.25,8,0.65,6.2188888888888885,6.48285030299538,0.17777777777777778,0.17777777777777778,33.0,1.4,1.6666666666666667,3.146344412825916,0.9391774132844793,90,12.517777777777777,0.1,0.1,4.448511076689053,1.4666666666666666,-6.2988888888888885,0.07777777777777778
mirror,0.25,8,0.8,-1.874444444444445,5.981984305603548,0.14444444444444443,0.14444444444444443,30.122222222222224,1.2777777777777777,2.1333333333333333,2.836491650219118,0.9647814616933256,90,12.517777777777777,0.1,0.1,4.448511076689053,1.4666666666666666,-14.392222222222221,0.044444444444444425
mirror,0.25,10,0.35,8.607777777777777,6.432593780196148,0.15555555555555556,0.15555555555555556,35.1,1.4666666666666666,0.6555555555555556,3.8855765174357697,0.8484563892817943,90,18.20777777777778,0.16666666666666666,0.16666666666666666,4.413431282534759,1.4666666666666666,-9.600000000000001,-0.0111111111111111
mirror,0.25,10,0.5,6.238888888888889,6.850691699759571,0.17777777777777778,0.17777777777777778,32.43333333333333,1.3666666666666667,1.1333333333333333,3.580272979503881,0.900168038473559,90,18.20777777777778,0.16666666666666666,0.16666666666666666,4.413431282534759,1.4666666666666666,-11.96888888888889,0.011111111111111127
mirror,0.25,10,0.65,-2.5599999999999996,6.080577909652651,0.13333333333333333,0.13333333333333333,31.61111111111111,1.4222222222222223,1.5222222222222221,3.184791539285324,0.9420834423411952,90,18.20777777777778,0.16666666666666666,0.16666666666666666,4.413431282534759,1.4666666666666666,-20.767777777777777,-0.033333333333333326
mirror,0.25,10,0.8,-1.648888888888888,6.170731577443637,0.14444444444444443,0.14444444444444443,31.066666666666666,1.2555555555555555,1.8333333333333333,2.990502389698195,0.957499179171429,90,18.20777777777778,0.16666666666666666,0.16666666666666666,4.413431282534759,1.4666666666666666,-19.856666666666666,-0.022222222222222227
mirror,0.25,12,0.35,10.35888888888889,6.274216285609929,0.13333333333333333,0.13333333333333333,35.766666666666666,1.288888888888889,0.5666666666666667,4.033026551259024,0.8557510222093113,90,16.563333333333333,0.12222222222222222,0.12222222222222222,4.3930761929806526,1.4222222222222223,-6.204444444444443,0.011111111111111113
mirror,0.25,12,0.5,13.382222222222223,6.562530984938974,0.18888888888888888,0.18888888888888888,34.022222222222226,1.0888888888888888,1.0888888888888888,3.662624107996031,0.9029810392294689,90,16.563333333333333,0.12222222222222222,0.12222222222222222,4.3930761929806526,1.4222222222222223,-3.1811111111111092,0.06666666666666667
mirror,0.25,12,0.65,12.182222222222224,6.508719317999035,0.18888888888888888,0.18888888888888888,32.82222222222222,0.9888888888888889,1.4333333333333333,3.414504399938295,0.9435618455305638,90,16.563333333333333,0.12222222222222222,0.12222222222222222,4.3930761929806526,1.4222222222222223,-4.3811111111111085,0.06666666666666667
mirror,0.25,12,0.8,11.672222222222222,6.647252072796347,0.2,0.2,32.24444444444445,1.0444444444444445,1.4555555555555555,3.335107486569234,0.946161089581148,90,16.563333333333333,0.12222222222222222,0.12222222222222222,4.3930761929806526,1.4222222222222223,-4.89111111111111,0.07777777777777779
mirror,0.25,15,0.35,21.45777777777778,7.172635695190754,0.2222222222222222,0.2222222222222222,36.93333333333333,1.2333333333333334,0.5333333333333333,3.874422290858556,0.8568248097143886,90,29.565555555555555,0.2222222222222222,0.2111111111111111,4.283741408102297,1.3666666666666667,-8.107777777777777,0.0
mirror,0.25,15,0.5,11.557777777777778,7.242518241699,0.2111111111111111,0.2111111111111111,32.96666666666667,1.1888888888888889,0.9333333333333333,3.4938817842355125,0.9030912677814128,90,29.565555555555555,0.2222222222222222,0.2111111111111111,4.283741408102297,1.3666666666666667,-18.007777777777775,-0.0111111111111111
mirror,0.25,15,0.65,10.723333333333333,7.519697280543363,0.23333333333333334,0.23333333333333334,30.255555555555556,1.0777777777777777,1.1555555555555554,3.1585514176699485,0.933271112879365,90,29.565555555555555,0.2222222222222222,0.2111111111111111,4.283741408102297,1.3666666666666667,-18.842222222222222,0.011111111111111127
mirror,0.25,15,0.8,10.723333333333333,7.519697280543363,0.23333333333333334,0.23333333333333334,30.255555555555556,1.0777777777777777,1.1555555555555554,3.1585514176699485,0.933271112879365,90,29.565555555555555,0.2222222222222222,0.2111111111111111,4.283741408102297,1.3666666666666667,-18.842222222222222,0.011111111111111127
mirror,0.3,0,0.35,26.715555555555557,6.424747897454457,0.2111111111111111,0.17777777777777778,42.044444444444444,1.4555555555555555,0.7777777777777778,4.791238335805092,0.8574690880249045,90,32.768888888888895,0.23333333333333334,0.2222222222222222,5.372385116445384,1.2555555555555555,-6.053333333333338,-0.022222222222222227
mirror,0.3,0,0.5,36.71333333333333,7.004532721865563,0.2777777777777778,0.26666666666666666,40.27777777777778,1.3888888888888888,1.1666666666666667,4.242164695715239,0.9066602729200728,90,32.768888888888895,0.23333333333333334,0.2222222222222222,5.372385116445384,1.2555555555555555,3.9444444444444358,0.04444444444444445
mirror,0.3,0,0.65,42.45888888888889,7.312911451244568,0.3333333333333333,0.32222222222222224,38.08888888888889,1.3555555555555556,1.7555555555555555,3.8347752829419974,0.9390608672335369,90,32.768888888888895,0.23333333333333334,0.2222222222222222,5.372385116445384,1.2555555555555555,9.689999999999998,0.09999999999999998
mirror,0.3,0,0.8,51.91,7.900335183078864,0.43333333333333335,0.4111111111111111,37.91111111111111,1.5,2.922222222222222,3.1211662091408994,0.9644442882185223,90,32.768888888888895,0.23333333333333334,0.2222222222222222,5.372385116445384,1.2555555555555555,19.1411111111111,0.2
mirror,0.3,2,0.35,17.09111111111111,6.076018565565755,0.13333333333333333,0.13333333333333333,39.93333333333333,1.4444444444444444,0.6777777777777778,4.612170570323184,0.8525139754276612,90,17.721111111111114,0.12222222222222222,0.1111111111111111,5.088535712062792,1.3777777777777778,-0.6300000000000026,0.011111111111111113
mirror,0.3,2,0.5,25.184444444444445,6.506997081143519,0.16666666666666666,0.16666666666666666,40.71111111111111,1.2666666666666666,1.1777777777777778,4.154249494826983,0.8982813576871618,90,17.721111111111114,0.12222222222222222,0.1111111111111111,5.088535712062792,1.3777777777777778,7.463333333333331,0.04444444444444444
mirror,0.3,2,0.65,19.310000000000002,6.589785734753638,0.17777777777777778,0.17777777777777778,39.36666666666667,1.511111111111111,1.9666666666666666,3.797025393157771,0.9366707695105523,90,17.721111111111114,0.12222222222222222,0.1111111111111111,5.088535712062792,1.3777777777777778,1.5888888888888886,0.055555555555555566
mirror,0.3,2,0.8,35.218888888888884,7.100607119062919,0.3,0.28888888888888886,39.577777777777776,1.4,3.0,3.09752179191818,0.9673332602514507,90,17.721111111111114,0.12222222222222222,0.1111111111111111,5.088535712062792,1.3777777777777778,17.49777777777777,0.17777777777777776
mirror,0.3,4,0.35,19.11777777777778,5.669097865285685,0.12222222222222222,0.12222222222222222,42.666666666666664,1.3666666666666667,0.6555555555555556,4.844107580330572,0.847047348371399,90,21.14888888888889,0.1111111111111111,0.1111111111111111,5.22012568051501,1.2444444444444445,-2.0311111111111124,0.011111111111111113
mirror,0.3,4,0.5,14.991111111111111,5.476871502900813,0.13333333333333333,0.1111111111111111,41.98888888888889,1.4333333333333333,1.2666666666666666,4.459727991496389,0.8884948628186594,90,21.14888888888889,0.1111111111111111,0.1111111111111111,5.22012568051501,1.2444444444444445,-6.157777777777779,0.022222222222222227
mirror,0.3,4,0.65,16.88888888888889,6.0083600610176955,0.15555555555555556,0.15555555555555556,38.388888888888886,1.288888888888889,2.011111111111111,3.8562950545433496,0.9359389670681869,90,21.14888888888889,0.1111111111111111,0.1111111111111111,5.22012568051501,1.2444444444444445,-4.260000000000002,0.04444444444444445
mirror,0.3,4,0.8,25.192222222222224,6.660585471331953,0.2222222222222222,0.2222222222222222,38.24444444444445,1.2,2.7777777777777777,3.1513267145506996,0.9660807163600653,90,21.14888888888889,0.1111111111111111,0.1111111111111111,5.22012568051501,1.2444444444444445,4.043333333333333,0.1111111111111111
mirror,0.3,6,0.35,1.6077777777777778,4.726654629805061,0.05555555555555555,0.05555555555555555,38.611111111111114,1.5222222222222221,0.7444444444444445,4.6282885180023206,0.8573380461182329,90,5.687777777777778,0.06666666666666667,0.05555555555555555,5.069032038354715,1.5444444444444445,-4.08,-0.011111111111111113
mirror,0.3,6,0.5,3.9722222222222228,4.9523071277017525,0.07777777777777778,0.07777777777777778,38.6,1.4333333333333333,1.2444444444444445,4.188576991723645,0.9045109944297965,90,5.687777777777778,0.06666666666666667,0.05555555555555555,5.069032038354715,1.5444444444444445,-1.715555555555555,0.011111111111111113
mirror,0.3,6,0.65,-0.1455555555555558,5.193368036575457,0.1,0.1,36.355555555555554,1.5222222222222221,1.7666666666666666,3.835955152814991,0.9378498517103314,90,5.687777777777778,0.06666666666666667,0.05555555555555555,5.069032038354715,1.5444444444444445,-5.833333333333334,0.03333333333333334
mirror,0.3,6,0.8,8.695555555555556,6.53486107474329,0.17777777777777778,0.17777777777777778,34.62222222222222,1.3111111111111111,2.4444444444444446,3.2878043367048293,0.9666186817231095,90,5.687777777777778,0.06666666666666667,0.05555555555555555,5.069032038354715,1.5444444444444445,3.007777777777778,0.11111111111111112
mirror,0.3,8,0.35,16.053333333333335,6.298958794723772,0.14444444444444443,0.14444444444444443,40.21111111111111,1.4,0.6666666666666666,4.578855700645027,0.8397132439907733,90,20.894444444444446,0.14444444444444443,0.13333333333333333,5.190195525973326,1.4444444444444444,-4.841111111111111,0.0
mirror,0.3,8,0.5,8.855555555555556,6.287578486488108,0.13333333333333333,0.13333333333333333,37.03333333333333,1.4555555555555555,1.0444444444444445,4.135057135773665,0.890499183882255,90,20.894444444444446,0.14444444444444443,0.13333333333333333,5.190195525973326,1.4444444444444444,-12.03888888888889,-0.0111111111111111
mirror,0.3,8,0.65,5.566666666666666,6.484346656414146,0.14444444444444443,0.14444444444444443,34.06666666666667,1.3444444444444446,1.6,3.7164116218535095,0.936158799519218,90,20.894444444444446,0.14444444444444443,0.13333333333333333,5.190195525973326,1.4444444444444444,-15.32777777777778,0.0
mirror,0.3,8,0.8,1.691111111111111,6.43649660145063,0.15555555555555556,0.15555555555555556,30.744444444444444,1.2555555555555555,2.2555555555555555,3.062354143175674,0.9633312078984847,90,20.894444444444446,0.14444444444444443,0.13333333333333333,5.190195525973326,1.4444444444444444,-19.203333333333333,0.011111111111111127
mirror,0.3,10,0.35,17.385555555555555,6.753602185107176,0.17777777777777778,0.16666666666666666,37.25555555555555,1.3,0.6,4.632683611322394,0.8387594910041891,90,24.738888888888887,0.17777777777777778,0.16666666666666666,5.117818578593214,1.3111111111111111,-7.353333333333332,0.0
mirror,0.3,10,0.5,9.204444444444444,6.592281627513891,0.15555555555555556,0.15555555555555556,34.24444444444445,1.2555555555555555,1.1333333333333333,4.172386102925741,0.8909349885465646,90,24.738888888888887,0.17777777777777778,0.16666666666666666,5.117818578593214,1.3111111111111111,-15.534444444444443,-0.022222222222222227
mirror,0.3,10,0.65,3.5211111111111104,6.675658448158169,0.16666666666666666,0.16666666666666666,31.31111111111111,1.2666666666666666,1.5333333333333334,3.7356739142186735,0.9389370255842937,90,24.738888888888887,0.17777777777777778,0.16666666666666666,5.117818578593214,1.3111111111111111,-21.217777777777776,-0.011111111111111127
mirror,0.3,10,0.8,-5.821111111111111,6.152758786532634,0.13333333333333333,0.13333333333333333,29.633333333333333,1.288888888888889,2.0555555555555554,3.1776650683701697,0.9622519286689035,90,24.738888888888887,0.17777777777777778,0.16666666666666666,5.117818578593214,1.3111111111111111,-30.56,-0.04444444444444445
mirror,0.3,12,0.35,10.352222222222222,6.351787863123405,0.14444444444444443,0.14444444444444443,36.56666666666667,1.3333333333333333,0.6555555555555556,4.135009273495773,0.8484720460937034,90,22.628888888888888,0.14444444444444443,0.14444444444444443,4.743823361180874,1.3333333333333333,-12.276666666666666,0.0
mirror,0.3,12,0.5,5.323333333333333,5.924259789832668,0.13333333333333333,0.12222222222222222,35.21111111111111,1.211111111111111,1.0555555555555556,3.9683694195313732,0.8928528347481818,90,22.628888888888888,0.14444444444444443,0.14444444444444443,4.743823361180874,1.3333333333333333,-17.305555555555554,-0.0111111111111111
mirror,0.3,12,0.65,-4.231111111111111,5.802176535183097,0.12222222222222222,0.12222222222222222,31.655555555555555,1.2555555555555555,1.5777777777777777,3.4463340924605195,0.9378125351921354,90,22.628888888888888,0.14444444444444443,0.14444444444444443,4.743823361180874,1.3333333333333333,-26.86,-0.022222222222222213
mirror,0.3,12,0.8,-5.433333333333334,5.80058888912791,0.12222222222222222,0.12222222222222222,29.844444444444445,1.1777777777777778,1.6444444444444444,3.3626343937200067,0.9469653550011989,90,22.628888888888888,0.14444444444444443,0.14444444444444443,4.743823361180874,1.3333333333333333,-28.06222222222222,-0.022222222222222213
mirror,0.3,15,0.35,4.013333333333334,5.825040750957208,0.1111111111111111,0.1111111111111111,35.111111111111114,1.2666666666666666,0.6,4.765851108133397,0.8310005396153098,90,14.85,0.1111111111111111,0.1111111111111111,5.318347324675847,1.4222222222222223,-10.836666666666666,0.0
mirror,0.3,15,0.5,-9.577222222222222,5.145092516606372,0.06666666666666667,0.06666666666666667,32.25555555555555,1.2222222222222223,1.1,4.092471177892453,0.8899054734147067,90,14.85,0.1111111111111111,0.1111111111111111,5.318347324675847,1.4222222222222223,-24.42722222222222,-0.04444444444444444
mirror,0.3,15,0.65,-11.962777777777779,4.95086838125735,0.06666666666666667,0.06666666666666667,31.055555555555557,1.1333333333333333,1.4111111111111112,3.723923825434578,0.928374204097,90,14.85,0.1111111111111111,0.1111111111111111,5.318347324675847,1.4222222222222223,-26.81277777777778,-0.04444444444444444
mirror,0.3,15,0.8,-11.962777777777779,4.95086838125735,0.06666666666666667,0.06666666666666667,31.055555555555557,1.1333333333333333,1.4111111111111112,3.723923825434578,0.928374204097,90,14.85,0.1111111111111111,0.1111111111111111,5.318347324675847,1.4222222222222223,-26.81277777777778,-0.04444444444444444
